04500;000000
04600;000024
04700;000049
04800;000074
04900;000099
05000;000124
05100;000149
05200;000174
05300;000199
05400;000224
05500;000249
05600;000274
05700;000299
05800;000324
05900;000349
06000;000374
06100;000399
06200;000424
06300;000449
06400;000474
06500;000499
06600;000524
06700;000549
06800;000561
06900;000569
07000;000578
07100;000586
07200;000594
07300;000602
07400;000610
07500;000619
07600;000627
07700;000635
07800;000643
07900;000651
08000;000660
08100;000668
08200;000676
08300;000684
08400;000692
08500;000701
08600;000709
08700;000717
08800;000725
08900;000733
09000;000742
09100;000750
09200;000758
09300;000766
09400;000774
09500;000783
09600;000791
09700;000799
09800;000807
09900;000815
10000;000824
10100;000832
10200;000840
10300;000848
10400;000856
10500;000865
10600;000873
10700;000881
10800;000889
10900;000897
11000;000906
11100;000914
11200;000922
11300;000930
11400;000938
11500;000947
11600;000955
11700;000963
11800;000971
11900;000979
12000;000988
12100;000996
12200;001004
12300;001012
12400;001020
12500;001029
12600;001037
12700;001045
12800;001053
12900;001061
13000;001070
13100;001078
13200;001086
13300;001094
13400;001102
13500;001111
13600;001119
13700;001127
13800;001135
13900;001143
14000;001152
14100;001160
14200;001168
14300;001176
14400;001184
14500;001193
14600;001201
14700;001209
14800;001217
14900;001225
15000;001234
15100;001243
15200;001254
15300;001264
15400;001274
15500;001284
15600;001294
15700;001304
15800;001314
15900;001324
16000;001334
16100;001344
16200;001355
16300;001365
16400;001375
16500;001385
16600;001395
16700;001405
16800;001415
16900;001425
17000;001435
17100;001445
17200;001456
17300;001466
17400;001476
17500;001486
17600;001496
17700;001506
17800;001516
17900;001526
18000;001536
18100;001546
18200;001557
18300;001567
18400;001577
18500;001587
18600;001597
18700;001607
18800;001617
18900;001627
19000;001637
19100;001647
19200;001658
19300;001668
19400;001678
19500;001688
19600;001698
19700;001708
19800;001718
19900;001728
20000;001738
20100;001748
20200;001759
20300;001769
20400;001779
20500;001789
20600;001799
20700;001809
20800;001819
20900;001829
21000;001839
21100;001849
21200;001860
21300;001873
21400;001885
21500;001898
21600;001913
21700;001938
21800;001964
21900;001989
22000;002015
22100;002040
22200;002068
22300;002100
22400;002132
22500;002165
22600;002197
22700;002229
22800;002261
22900;002293
23000;002326
23100;002358
23200;002390
23300;002422
23400;002454
23500;002487
23600;002519
23700;002551
23800;002583
23900;002615
24000;002648
24100;002680
24200;002712
24300;002744
24400;002776
24500;002808
24600;002841
24700;002873
24800;002905
24900;002937
25000;002970
25100;003002
25200;003034
25300;003066
25400;003098
25500;003131
25600;003163
25700;003195
25800;003227
25900;003259
26000;003291
26100;003324
26200;003356
26300;003388
26400;003420
26500;003453
26600;003485
26700;003517
26800;003549
26900;003581
27000;003614
27100;003646
27200;003678
27300;003710
27400;003742
27500;003775
27600;003807
27700;003839
27800;003871
27900;003903
28000;003936
28100;003968
28200;004000
28300;004032
28400;004064
28500;004097
28600;004129
28700;004161
28800;004193
28900;004225
29000;004258
29100;004290
29200;004322
29300;004354
29400;004386
29500;004418
29600;004451
29700;004483
29800;004515
29900;004547
30000;004580
30100;004612
30200;004644
30300;004676
30400;004708
30500;004741
30600;004773
30700;004805
30800;004837
30900;004869
31000;004901
31100;004934
31200;004966
31300;004998
31400;005030
31500;005063
31600;005095
31700;005127
31800;005159
31900;005191
32000;005224
32100;005256
32200;005288
32300;005320
32400;005352
32500;005385
32600;005417
32700;005449
32800;005481
32900;005513
33000;005546
33100;005578
33200;005610
33300;005642
33400;005677
33500;005711
33600;005746
33700;005780
33800;005814
33900;005849
34000;005883
34100;005918
34200;005952
34300;005986
34400;006021
34500;006055
34600;006090
34700;006124
34800;006158
34900;006193
35000;006227
35100;006262
35200;006296
35300;006330
35400;006365
35500;006399
35600;006434
35700;006468
35800;006502
35900;006537
36000;006571
36100;006606
36200;006640
36300;006674
36400;006709
36500;006743
36600;006778
36700;006812
36800;006846
36900;006881
37000;006915
37100;006950
37200;006984
37300;007018
37400;007053
37500;007087
37600;007122
37700;007156
37800;007190
37900;007225
38000;007259
38100;007294
38200;007328
38300;007362
38400;007397
38500;007431
38600;007466
38700;007500
38800;007534
38900;007569
39000;007603
39100;007638
39200;007672
39300;007706
39400;007741
39500;007775
39600;007810
39700;007844
39800;007878
39900;007913
40000;007947
40100;007982
40200;008016
40300;008050
40400;008085
40500;008119
40600;008154
40700;008188
40800;008222
40900;008257
41000;008291
41100;008326
41200;008360
41300;008394
41400;008429
41500;008463
41600;008498
41700;008532
41800;008566
41900;008601
42000;008635
42100;008670
42200;008704
42300;008738
42400;008773
42500;008807
42600;008842
42700;008876
42800;008910
42900;008945
43000;008979
43100;009014
43200;009048
43300;009082
43400;009117
43500;009151
43600;009186
43700;009220
43800;009254
43900;009289
44000;009323
44100;009358
44200;009392
44300;009426
44400;009461
44500;009495
44600;009530
44700;009564
44800;009598
44900;009633
45000;009667
45100;009702
45200;009736
45300;009770
45400;009805
45500;009839
45600;009874
45700;009908
45800;009942
45900;009977
46000;010011
46100;010046
46200;010080
46300;010114
46400;010149
46500;010183
46600;010218
46700;010252
46800;010286
46900;010321
47000;010355
47100;010390
47200;010424
47300;010458
47400;010493
47500;010527
47600;010562
47700;010596
47800;010630
47900;010665
48000;010699
48100;010734
48200;010768
48300;010802
48400;010837
48500;010871
48600;010906
48700;010940
48800;010974
48900;011009
49000;011043
49100;011078
49200;011112
49300;011146
49400;011181
49500;011215
49600;011250
49700;011284
49800;011318
49900;011353
50000;011387
50100;011422
50200;011456
50300;011490
50400;011525
50500;011559
50600;011594
50700;011628
50800;011662
50900;011697
51000;011731
51100;011766
51200;011800
51300;011834
51400;011869
51500;011903
51600;011938
51700;011972
51800;012006
51900;012041
52000;012075
52100;012110
52200;012144
52300;012178
52400;012213
52500;012247
52600;012282
52700;012316
52800;012350
52900;012385
53000;012419
53100;012454
53200;012488
53300;012526
53400;012569
53500;012613
53600;012656
53700;012699
53800;012743
53900;012786
54000;012830
54100;012873
54200;012916
54300;012960
54400;013003
54500;013047
54600;013090
54700;013133
54800;013177
54900;013220
55000;013264
55100;013307
55200;013350
55300;013394
55400;013437
55500;013481
55600;013524
55700;013567
55800;013611
55900;013654
56000;013698
56100;013741
56200;013784
56300;013828
56400;013871
56500;013915
56600;013958
56700;014001
56800;014045
56900;014088
57000;014132
57100;014175
57200;014218
57300;014262
57400;014305
57500;014349
57600;014392
57700;014435
57800;014479
57900;014522
58000;014566
58100;014609
58200;014652
58300;014696
58400;014739
58500;014783
58600;014826
58700;014869
58800;014913
58900;014956
59000;015000
59100;015043
59200;015086
59300;015130
59400;015173
59500;015217
59600;015260
59700;015303
59800;015347
59900;015390
60000;015434
60100;015477
60200;015520
60300;015564
60400;015607
60500;015651
60600;015694
60700;015737
60800;015781
60900;015824
61000;015868
61100;015911
61200;015954
61300;015998
61400;016041
61500;016085
61600;016128
61700;016171
61800;016215
61900;016258
62000;016302
62100;016345
62200;016388
62300;016432
62400;016475
62500;016519
62600;016562
62700;016605
62800;016649
62900;016692
63000;016736
63100;016779
63200;016822
63300;016866
63400;016909
63500;016953
63600;016996
63700;017039
63800;017083
63900;017126
64000;017170
64100;017213
64200;017256
64300;017300
64400;017343
64500;017387
64600;017430
64700;017473
64800;017517
64900;017560
65000;017604
65100;017647
65200;017690
65300;017734
65400;017777
65500;017821
65600;017864
65700;017907
65800;017951
65900;017994
66000;018038
66100;018081
66200;018124
66300;018168
66400;018211
66500;018255
66600;018298
66700;018341
66800;018385
66900;018428
67000;018472
67100;018515
67200;018558
67300;018602
67400;018645
67500;018689
67600;018732
67700;018775
67800;018819
67900;018862
68000;018906
68100;018949
68200;018992
68300;019036
68400;019079
68500;019123
68600;019166
68700;019209
68800;019253
68900;019296
69000;019340
69100;019383
69200;019426
69300;019470
69400;019513
69500;019557
69600;019600
69700;019643
69800;019687
69900;019730
70000;019774
70100;019817
70200;019860
70300;019904
70400;019947
70500;019991
70600;020034
70700;020077
70800;020121
70900;020164
71000;020208
71100;020251
71200;020294
71300;020338
71400;020381
71500;020425
71600;020468
71700;020511
71800;020555
71900;020598
72000;020642
72100;020685
72200;020728
72300;020772
72400;020815
72500;020859
72600;020902
72700;020945
72800;020989
72900;021032
73000;021076
73100;021119
73200;021162
73300;021206
73400;021249
73500;021293
73600;021336
73700;021379
73800;021423
73900;021466
74000;021510
74100;021553
74200;021596
74300;021640
74400;021683
74500;021727
74600;021770
74700;021813
74800;021857
74900;021900
75000;021944
75100;021987
75200;022030
75300;022074
75400;022117
75500;022161
75600;022204
75700;022247
75800;022291
75900;022334
76000;022378
76100;022421
76200;022464
76300;022508
76400;022551
76500;022595
76600;022638
76700;022681
76800;022725
76900;022768
77000;022812
77100;022855
77200;022898
77300;022942
77400;022985
77500;023029
77600;023072
77700;023115
77800;023159
77900;023202
78000;023246
78100;023289
78200;023332
78300;023376
78400;023419
78500;023463
78600;023506
78700;023549
78800;023593
78900;023636
79000;023680
79100;023723
79200;023766
79300;023810
79400;023853
79500;023897
79600;023940
79700;023983
79800;024027
79900;024070
80000;024114
80100;024157
80200;024200
80300;024244
80400;024287
80500;024331
80600;024374
80700;024417
80800;024461
80900;024504
81000;024548
81100;024591
81200;024634
81300;024678
81400;024721
81500;024765
81600;024808
81700;024851
81800;024895
81900;024938
82000;024982
82100;025025
82200;025068
82300;025112
82400;025155
82500;025199
82600;025242
82700;025285
82800;025329
82900;025372
83000;025416
83100;025459
83200;025502
83300;025547
83400;025594
83500;025640
83600;025687
83700;025733
83800;025779
83900;025826
84000;025872
84100;025919
84200;025965
84300;026011
84400;026058
84500;026104
84600;026151
84700;026197
84800;026243
84900;026290
85000;026336
85100;026383
85200;026429
85300;026475
85400;026522
85500;026568
85600;026615
85700;026661
85800;026707
85900;026754
86000;026800
86100;026847
86200;026893
86300;026939
86400;026986
86500;027032
86600;027079
86700;027125
86800;027171
86900;027218
87000;027264
87100;027311
87200;027357
87300;027403
87400;027450
87500;027496
87600;027543
87700;027589
87800;027635
87900;027682
88000;027728
88100;027775
88200;027821
88300;027867
88400;027914
88500;027960
88600;028007
88700;028053
88800;028099
88900;028146
89000;028192
89100;028239
89200;028285
89300;028331
89400;028378
89500;028424
89600;028471
89700;028517
89800;028563
89900;028610
90000;028656
90100;028703
90200;028749
90300;028795
90400;028842
90500;028888
90600;028935
90700;028981
90800;029027
90900;029074
91000;029120
91100;029167
91200;029213
91300;029259
91400;029306
91500;029352
91600;029399
91700;029445
91800;029491
91900;029538
92000;029584
92100;029631
92200;029677
92300;029723
92400;029770
92500;029816
92600;029863
92700;029909
92800;029955
92900;030002
93000;030048
93100;030095
93200;030141
93300;030187
93400;030234
93500;030280
93600;030327
93700;030373
93800;030419
93900;030466
94000;030512
94100;030559
94200;030605
94300;030651
94400;030698
94500;030744
94600;030791
94700;030837
94800;030883
94900;030930
95000;030976
95100;031023
95200;031069
95300;031115
95400;031162
95500;031208
95600;031255
95700;031301
95800;031347
95900;031394
96000;031440
96100;031487
96200;031533
96300;031579
96400;031626
96500;031672
96600;031719
96700;031765
96800;031811
96900;031858
97000;031904
97100;031951
97200;031997
97300;032043
97400;032090
97500;032136
97600;032183
97700;032229
97800;032275
97900;032322
98000;032368
98100;032415
98200;032461
98300;032507
98400;032554
98500;032600
98600;032647
98700;032693
98800;032739
98900;032786
99000;032832
99100;032879
99200;032925
99300;032971
99400;033018
99500;033064
99600;033111
99700;033157
99800;033204
